time,Pressure,temp_001_001,temp_002_001,temp_001_002,temp_002_002,temp_001_003,temp_002_003,temp_inflow,temp_out,flow_rate_n2,flow_rate_co2,mode
0.0,17.2,14.75,15.4,15.8,17.15,16.0,17.35,18.55,17.4,27.9,20.58,0
0.03333333064801991,26.1,14.75,15.45,15.8,17.15,16.0,17.35,18.5,17.4,22.8,21.78,0
0.06666666129603982,28.2,14.8,15.45,15.85,17.15,16.05,17.35,18.4,17.4,27.9,21.78,0
0.09999999194405973,30.2,14.85,15.5,15.85,17.2,16.05,17.35,18.4,17.4,27.9,21.78,0
0.1333333330694586,32.2,14.9,15.5,15.9,17.2,16.05,17.4,18.4,17.4,27.9,21.78,0
0.1666666637174785,34.2,14.95,15.55,15.9,17.25,16.1,17.4,18.4,17.4,27.9,21.78,0
0.19999999436549842,36.1,15.05,15.6,15.95,17.25,16.1,17.4,18.4,17.4,27.9,21.78,0
0.23333332501351833,38.3,15.1,15.65,16.0,17.3,16.15,17.45,18.4,17.4,27.9,21.78,0
0.2666666661389172,40.3,15.15,15.7,16.0,17.3,16.15,17.45,18.4,17.4,28.05,21.78,0
0.2999999967869371,42.4,15.25,15.75,16.05,17.35,16.2,17.5,18.4,17.4,28.05,21.78,0
0.333333327434957,44.4,15.3,15.8,16.1,17.4,16.2,17.5,18.4,17.4,27.9,21.78,0
0.36666665808297694,46.5,15.4,15.85,16.1,17.45,16.25,17.55,18.4,17.4,28.05,21.78,0
0.3999999992083758,48.7,15.5,15.9,16.15,17.45,16.25,17.55,18.4,17.4,27.9,21.78,0
0.4333333298563957,50.8,15.6,15.95,16.2,17.5,16.3,17.6,18.4,17.4,27.9,21.78,0
0.46666666050441563,52.8,15.7,16.0,16.25,17.55,16.3,17.6,18.4,17.4,27.9,21.78,0
0.49999999115243554,55.1,15.85,16.05,16.25,17.55,16.35,17.65,18.4,17.4,27.9,21.78,0
0.5333333322778344,57.1,16.0,16.15,16.3,17.6,16.35,17.65,18.4,17.4,28.05,21.78,0
0.5666666629258543,59.4,16.2,16.2,16.35,17.65,16.4,17.7,18.4,17.4,27.9,21.78,0
0.5999999935738742,61.6,16.45,16.3,16.4,17.7,16.45,17.7,18.45,17.4,27.9,21.78,0
0.6333333242218941,63.8,16.85,16.35,16.45,17.7,16.45,17.75,18.45,17.4,27.9,21.78,0
0.666666665347293,65.9,17.35,16.45,16.45,17.75,16.5,17.8,18.45,17.4,28.05,21.78,0
0.6999999959953129,68.2,18.05,16.6,16.5,17.8,16.5,17.8,18.45,17.4,28.05,21.78,0
0.7333333266433328,70.5,18.85,16.75,16.55,17.85,16.55,17.85,18.45,17.4,27.9,21.78,0
0.7666666572913527,72.8,19.8,17.0,16.6,17.85,16.6,17.85,18.45,17.4,28.05,21.78,0
0.7999999984167516,75.0,20.85,17.35,16.65,17.9,16.65,17.9,18.45,17.4,28.05,21.78,0
0.8333333290647715,77.3,21.9,17.9,16.65,17.95,16.65,17.95,18.45,17.4,27.9,21.78,0
0.8666666597127914,79.7,23.0,18.65,16.7,18.0,16.7,17.95,18.45,17.4,27.9,21.78,0
0.8999999903608114,82.0,24.05,19.5,16.75,18.05,16.75,18.0,18.45,17.4,27.9,21.78,0
0.9333333314862102,84.3,25.1,20.5,16.8,18.05,16.8,18.05,18.45,17.4,28.05,21.78,0
0.9666666621342301,86.7,26.1,21.55,16.85,18.1,16.85,18.05,18.45,17.4,27.9,21.81,0
0.99999999278225,89.1,27.05,22.65,16.9,18.15,16.85,18.1,18.45,17.4,27.9,21.78,0
1.03333332343027,91.4,27.9,23.7,16.95,18.2,16.9,18.15,18.45,17.4,27.9,21.78,0
1.0666666645556688,93.9,28.75,24.75,17.0,18.25,16.95,18.2,18.45,17.4,27.9,21.78,0
1.0999999952036887,96.3,29.55,25.8,17.0,18.3,17.0,18.2,18.45,17.4,27.9,21.78,0
1.1333333258517087,98.7,30.3,26.75,17.05,18.3,17.05,18.25,18.45,17.4,27.9,21.78,0
1.1666666669771075,100.6,31.05,27.65,17.1,18.35,17.1,18.3,18.45,17.4,28.05,21.6,0
1.1999999976251274,100.5,31.7,28.5,17.15,18.4,17.15,18.35,18.5,17.4,26.85,21.78,1
1.2333333282731473,100.5,32.25,29.2,17.2,18.45,17.2,18.4,18.5,17.4,27.9,21.78,1
1.2666666589211673,100.4,32.75,29.9,17.2,18.45,17.2,18.4,18.5,17.4,27.9,21.78,1
1.3000000000465661,100.4,33.25,30.45,17.25,18.5,17.25,18.45,18.5,17.4,27.9,21.78,1
1.333333330694586,100.4,33.7,31.0,17.3,18.5,17.3,18.45,18.5,17.4,27.9,21.75,1
1.366666661342606,100.4,34.1,31.45,17.3,18.55,17.3,18.5,18.5,17.4,21.0,20.34,1
1.3999999919906259,100.4,34.45,31.9,17.35,18.55,17.35,18.5,18.4,17.4,28.2,21.78,1
1.4333333331160247,100.3,34.8,32.3,17.35,18.6,17.35,18.55,18.35,17.4,27.9,21.78,1
1.4666666637640446,100.3,35.15,32.65,17.4,18.6,17.4,18.55,18.35,17.4,27.9,21.78,1
1.4999999944120646,100.3,35.45,33.0,17.4,18.6,17.4,18.6,18.3,17.4,28.05,21.78,1
1.5333333250600845,100.3,35.7,33.3,17.4,18.65,17.45,18.6,18.35,17.4,28.05,21.78,1
1.5666666661854833,100.3,36.0,33.6,17.45,18.65,17.45,18.6,18.35,17.4,27.9,21.78,1
1.5999999968335032,100.3,36.25,33.85,17.45,18.65,17.5,18.65,18.35,17.4,28.05,21.78,1
1.6333333274815232,100.2,36.5,34.1,17.5,18.7,17.5,18.65,18.35,17.4,27.9,21.78,1
1.666666658129543,100.2,36.7,34.3,17.5,18.7,17.5,18.65,18.35,17.4,27.9,21.78,1
1.699999999254942,100.2,36.95,34.5,17.5,18.7,17.55,18.65,18.35,17.4,27.9,21.78,1
1.7333333299029619,100.2,37.15,34.7,17.55,18.7,17.55,18.65,18.4,17.4,31.65,21.72,1
1.7666666605509818,100.2,37.35,34.85,17.55,18.7,17.55,18.7,18.5,17.4,27.9,21.78,1
1.7999999911990017,100.2,37.55,35.0,17.55,18.7,17.55,18.7,18.55,17.4,27.9,21.78,1
1.8333333323244005,100.2,37.7,35.15,17.55,18.75,17.6,18.7,18.55,17.4,27.9,21.75,1
1.8666666629724205,100.1,37.9,35.3,17.55,18.75,17.6,18.7,18.55,17.4,27.9,18.75,1
1.8999999936204404,100.1,38.05,35.4,17.6,18.75,17.6,18.7,18.45,17.45,27.15,21.72,1
1.9333333242684603,100.1,38.2,35.5,17.6,18.75,17.65,18.7,18.4,17.4,27.9,21.75,1
1.9666666653938591,100.1,38.35,35.6,17.6,18.75,17.65,18.75,18.35,17.45,27.9,21.78,1
1.999999996041879,100.1,38.5,35.7,17.6,18.75,17.65,18.75,18.35,17.4,28.05,21.78,1
2.033333326689899,100.1,38.65,35.8,17.65,18.75,17.65,18.75,18.35,17.45,27.9,21.78,1
2.066666657337919,100.1,38.8,35.85,17.65,18.75,17.65,18.75,18.35,17.45,27.9,21.78,1
2.0999999984633178,100.1,38.9,35.9,17.65,18.75,17.7,18.75,18.35,17.45,27.9,21.78,1
2.1333333291113377,100.0,39.05,36.0,17.65,18.75,17.7,18.75,18.4,17.45,28.05,21.78,1
2.1666666597593576,100.0,39.15,36.05,17.65,18.8,17.7,18.75,18.4,17.45,27.9,21.78,1
2.1999999904073775,100.0,39.25,36.1,17.7,18.8,17.7,18.75,18.4,17.45,27.9,21.81,1
2.2333333315327764,100.0,39.35,36.1,17.7,18.8,17.7,18.75,18.4,17.45,27.9,21.78,1
2.2666666621807963,100.0,39.45,36.15,17.7,18.8,17.7,18.75,18.4,17.45,28.05,21.78,1
2.299999992828816,100.0,39.55,36.2,17.7,18.8,17.75,18.75,18.4,17.45,27.9,21.78,1
2.333333323476836,100.0,39.65,36.25,17.7,18.8,17.75,18.75,18.45,17.45,34.95,21.66,1
2.366666664602235,100.0,39.75,36.25,17.7,18.8,17.75,18.75,18.6,17.45,27.9,21.78,1
2.399999995250255,100.0,39.85,36.25,17.7,18.8,17.75,18.75,18.6,17.45,27.9,21.75,1
2.433333325898275,100.0,39.95,36.3,17.7,18.8,17.75,18.75,18.6,17.45,27.9,21.78,1
2.4666666670236737,100.0,40.0,36.3,17.75,18.8,17.75,18.75,18.6,17.45,27.9,21.75,1
2.4999999976716936,100.0,40.1,36.3,17.75,18.8,17.75,18.75,18.65,17.45,28.05,21.78,1
2.5333333283197135,100.0,40.2,36.35,17.75,18.8,17.8,18.75,18.65,17.45,28.05,21.75,1
2.5666666589677334,99.9,40.25,36.35,17.75,18.8,17.8,18.75,18.65,17.45,27.9,21.78,1
2.6000000000931323,99.9,40.35,36.35,17.75,18.8,17.8,18.75,18.6,17.45,28.05,21.78,1
2.633333330741152,99.9,40.45,36.4,17.85,18.85,17.85,18.85,18.65,17.45,27.9,21.78,1
2.666666661389172,99.9,40.55,36.4,17.85,18.85,17.85,18.85,18.65,17.45,27.9,21.78,1
2.699999992037192,99.9,40.6,36.4,17.85,18.85,17.9,18.85,18.65,17.45,27.9,21.78,1
2.733333333162591,99.9,40.65,36.4,17.85,18.85,17.9,18.85,18.65,17.45,27.9,21.78,1
2.7666666638106108,99.9,40.7,36.4,17.85,18.85,17.9,18.85,18.65,17.45,27.9,21.78,1
2.7999999944586307,99.9,40.8,36.4,17.85,18.85,17.9,18.85,18.65,17.45,27.9,21.78,1
2.8333333251066506,99.9,40.85,36.4,17.85,18.85,17.9,18.85,18.65,17.45,27.9,21.78,1
2.8666666662320495,99.9,40.9,36.4,17.85,18.85,17.9,18.85,18.65,17.45,27.9,21.78,1
2.8999999968800694,99.9,40.95,36.4,17.85,18.85,17.9,18.85,18.65,17.45,27.9,21.78,1
2.9333333275280893,99.9,41.0,36.35,17.85,18.85,17.9,18.85,18.65,17.45,27.9,21.75,1
2.966666658176109,99.8,41.05,36.35,17.85,18.85,17.9,18.85,18.65,17.45,27.9,21.78,1
2.999999999301508,99.8,41.1,36.35,17.9,18.85,17.9,18.85,18.65,17.45,27.9,21.75,1
3.033333329949528,99.8,41.15,36.3,17.9,18.85,17.9,18.85,18.65,17.45,28.05,21.78,1
3.066666660597548,99.8,41.2,36.3,17.9,18.85,17.9,18.85,18.65,17.45,27.9,21.78,1
3.099999991245568,99.8,41.2,36.3,17.9,18.85,17.95,18.85,18.65,17.45,27.9,21.75,1
3.1333333323709667,99.8,41.25,36.25,17.9,18.85,17.95,18.85,18.65,17.45,27.9,21.78,1
3.1666666630189866,99.8,41.3,36.25,17.9,18.85,17.95,18.85,18.65,17.45,28.05,21.75,1
3.1999999936670065,99.8,41.35,36.25,17.9,18.85,17.95,18.85,18.65,17.4,27.9,21.75,1
3.2333333243150264,99.8,41.4,36.2,17.9,18.85,17.95,18.85,18.65,17.45,27.9,21.78,1
3.2666666654404253,99.8,41.4,36.2,17.9,18.85,17.95,18.85,18.65,17.45,27.9,21.75,1
3.299999996088445,99.8,41.45,36.15,17.9,18.85,17.95,18.85,18.65,17.4,27.9,21.78,1
3.333333326736465,99.8,41.5,36.15,17.9,18.85,17.95,18.85,18.6,17.4,27.9,21.75,1
3.366666657384485,99.8,41.5,36.1,17.9,18.85,17.95,18.85,18.6,17.4,27.9,21.78,1
3.399999998509884,99.7,41.55,36.1,17.9,18.85,17.95,18.85,18.6,17.4,28.05,21.78,1
3.433333329157904,99.7,41.55,36.05,17.9,18.85,17.95,18.8,18.6,17.4,27.9,21.78,1
3.4666666598059237,99.7,41.6,36.05,17.9,18.8,17.95,18.8,18.6,17.4,28.05,21.75,1
3.4999999904539436,102.8,41.65,36.05,17.9,18.85,17.95,18.8,18.6,17.4,27.9,21.78,1
3.5333333315793425,102.8,41.75,36.1,17.95,18.85,17.95,18.8,18.6,17.4,28.05,21.75,0
3.5666666622273624,102.8,41.85,36.2,17.95,18.85,17.95,18.85,18.6,17.4,27.9,21.75,0
3.5999999928753823,102.8,42.0,36.35,17.95,18.85,18.0,18.85,18.6,17.4,27.9,21.75,0
3.633333323523402,102.8,42.15,36.55,17.95,18.85,18.0,18.85,18.6,17.4,28.05,21.75,0
3.666666664648801,102.8,42.35,36.75,17.95,18.85,18.0,18.85,18.6,17.4,27.9,21.75,0
3.699999995296821,102.8,42.55,36.95,17.95,18.85,18.05,18.9,18.55,17.4,27.9,21.75,0
3.733333325944841,102.8,42.7,37.2,17.95,18.85,18.05,18.9,18.55,17.4,28.05,21.75,0
3.76666666707024,102.8,42.9,37.4,17.95,18.85,18.05,18.9,18.55,17.4,28.05,21.75,0
3.7999999977182597,102.8,43.1,37.7,18.0,18.85,18.05,18.9,18.55,17.4,27.9,21.78,0
3.8333333283662796,102.8,43.3,37.95,18.0,18.85,18.1,18.95,18.55,17.4,27.9,21.78,0
3.8666666590142995,102.8,43.5,38.25,18.0,18.85,18.1,18.95,18.55,17.4,27.9,21.78,0
3.9000000001396984,102.8,43.65,38.5,18.0,18.85,18.1,18.95,18.55,17.4,27.9,21.75,0
3.9333333307877183,102.8,43.8,38.8,18.0,18.85,18.1,18.95,18.55,17.4,27.9,21.78,0
3.966666661435738,102.8,44.0,39.05,18.0,18.85,18.1,18.95,18.55,17.4,27.9,21.78,0
3.999999992083758,93.4,44.1,39.3,18.0,18.85,18.15,18.95,18.55,17.4,26.85,21.39,0
4.033333333209157,76.1,44.25,39.6,18.0,18.85,18.1,18.95,18.5,17.4,26.85,21.66,0
4.066666663857177,71.3,44.3,39.8,17.95,18.8,18.1,18.95,18.45,17.4,27.9,21.78,0
4.099999994505197,72.0,44.3,39.95,17.9,18.75,18.05,18.9,18.45,17.4,28.2,21.78,0
4.133333325153217,73.2,44.25,40.05,17.85,18.7,18.05,18.85,18.45,17.4,27.9,21.78,0
4.166666666278616,74.3,44.25,40.15,17.85,18.7,18.0,18.85,18.45,17.4,27.9,21.78,0
4.1999999969266355,75.6,44.15,40.2,17.85,18.65,18.0,18.8,18.45,17.4,27.9,21.78,0
4.233333327574655,76.8,44.1,40.2,17.8,18.65,17.95,18.8,18.45,17.4,27.9,21.78,0
4.266666658222675,78.0,44.0,40.2,17.8,18.6,17.95,18.8,18.45,17.4,27.9,21.78,0
4.299999999348074,79.2,43.9,40.2,17.8,18.6,17.95,18.8,18.45,17.4,27.9,21.75,0
4.333333329996094,80.5,43.85,40.2,17.75,18.6,17.95,18.75,18.45,17.4,27.9,21.78,0
4.366666660644114,81.6,43.8,40.2,17.75,18.55,17.95,18.75,18.5,17.4,27.9,21.75,0
4.399999991292134,82.9,43.75,40.2,17.75,18.55,17.95,18.75,18.5,17.4,28.05,21.78,0
4.433333332417533,84.1,43.7,40.2,17.75,18.55,17.95,18.75,18.5,17.4,27.9,21.78,0
4.466666663065553,85.4,43.7,40.2,17.75,18.55,17.95,18.75,18.5,17.4,28.05,21.78,0
4.499999993713573,86.6,43.65,40.2,17.75,18.55,17.95,18.75,18.5,17.4,28.05,21.75,0
4.5333333243615925,87.9,43.7,40.2,17.75,18.55,17.95,18.75,18.5,17.4,28.05,21.78,0
4.566666665486991,89.1,43.7,40.25,17.8,18.55,17.95,18.75,18.5,17.4,27.9,21.78,0
4.599999996135011,90.4,43.75,40.3,17.8,18.55,17.95,18.75,18.5,17.45,27.9,21.78,0
4.633333326783031,91.6,43.8,40.3,17.8,18.55,17.95,18.75,18.5,17.45,28.05,21.78,0
4.666666657431051,92.9,43.85,40.4,17.8,18.6,18.0,18.75,18.5,17.45,27.9,21.78,0
4.69999999855645,94.2,43.95,40.45,17.8,18.6,18.0,18.8,18.5,17.45,27.9,21.78,0
4.73333332920447,95.5,44.0,40.55,17.8,18.6,18.0,18.8,18.5,17.45,27.9,21.78,0
4.76666665985249,96.7,44.1,40.6,17.8,18.6,18.0,18.8,18.5,17.45,27.9,21.78,0
4.79999999050051,98.0,44.2,40.7,17.85,18.6,18.0,18.8,18.5,17.45,27.9,21.78,0
4.833333331625909,99.3,44.3,40.8,17.85,18.65,18.05,18.8,18.5,17.45,28.05,21.78,0
4.8666666622739285,100.6,44.4,40.9,17.85,18.65,18.05,18.85,18.55,17.45,27.9,21.78,0
4.899999992921948,101.8,44.5,41.0,17.85,18.65,18.05,18.85,18.5,17.45,27.9,21.78,0
4.933333323569968,103.2,44.6,41.1,17.9,18.65,18.1,18.85,18.55,17.45,27.9,21.78,0
4.966666664695367,104.5,44.7,41.2,17.9,18.65,18.1,18.85,18.55,17.45,27.9,21.75,0
4.999999995343387,103.6,44.9,41.35,18.0,18.75,18.15,18.95,18.55,17.45,27.9,21.75,0
5.033333325991407,103.2,44.95,41.45,17.95,18.7,18.15,18.9,18.55,17.45,28.05,21.78,0
5.066666656639427,103.2,45.15,41.6,18.0,18.75,18.2,18.95,18.55,17.45,28.05,21.75,0
5.099999997764826,103.1,45.25,41.7,18.0,18.8,18.2,19.0,18.55,17.45,27.9,21.75,0
5.133333328412846,103.1,45.4,41.85,18.0,18.8,18.25,19.0,18.5,17.45,28.05,21.78,0
5.166666659060866,103.1,45.5,41.95,18.05,18.8,18.25,19.0,18.5,17.45,27.9,21.78,0
5.2000000001862645,103.1,45.6,42.05,18.05,18.8,18.25,19.0,18.55,17.45,28.05,21.78,0
5.233333330834284,103.1,45.7,42.15,18.05,18.8,18.25,19.0,18.5,17.45,28.05,21.75,0
5.266666661482304,103.1,45.8,42.3,18.05,18.8,18.25,19.05,18.55,17.45,27.9,21.78,0
5.299999992130324,103.2,45.9,42.35,18.05,18.8,18.25,19.05,18.5,17.45,27.9,21.75,0
5.333333333255723,103.2,46.0,42.45,18.05,18.8,18.3,19.05,18.6,17.45,28.05,21.78,0
5.366666663903743,103.1,46.1,42.55,18.05,18.8,18.3,19.05,18.6,17.45,27.9,21.75,0
5.399999994551763,103.2,46.15,42.65,18.1,18.85,18.3,19.05,18.55,17.45,27.9,21.75,0
5.433333325199783,103.2,46.2,42.7,18.1,18.85,18.3,19.05,18.5,17.45,27.9,21.78,0
5.466666666325182,103.2,46.3,42.75,18.1,18.85,18.3,19.05,18.6,17.45,27.9,21.75,0
5.499999996973202,103.1,46.35,42.85,18.1,18.85,18.3,19.05,18.6,17.45,27.9,21.78,0
5.5333333276212215,103.1,46.4,42.9,18.1,18.85,18.3,19.05,18.6,17.45,28.05,21.75,0
5.5666666582692415,103.1,46.45,42.95,18.1,18.85,18.35,19.05,18.6,17.45,27.9,21.78,0
5.59999999939464,103.2,46.55,43.0,18.1,18.85,18.35,19.05,18.6,17.45,28.05,21.75,0
5.63333333004266,103.1,46.6,43.05,18.1,18.85,18.35,19.05,18.6,17.45,27.9,21.78,0
5.66666666069068,103.2,46.65,43.05,18.1,18.85,18.35,19.05,18.6,17.45,27.9,21.78,0
5.6999999913387,103.1,46.7,43.1,18.1,18.85,18.35,19.1,18.6,17.45,27.9,21.78,0
5.733333332464099,103.1,46.75,43.15,18.1,18.85,18.35,19.1,18.6,17.45,27.9,21.78,0
5.766666663112119,103.1,46.75,43.2,18.1,18.85,18.35,19.1,18.6,17.45,27.9,21.75,0
5.799999993760139,103.1,46.8,43.2,18.15,18.85,18.35,19.1,18.6,17.45,27.9,21.78,0
5.833333324408159,103.2,46.85,43.25,18.15,18.85,18.35,19.1,18.6,17.45,27.9,21.78,0
5.8666666655335575,103.1,46.9,43.25,18.15,18.85,18.35,19.1,18.6,17.45,27.9,21.78,0
5.899999996181577,103.1,46.95,43.3,18.15,18.85,18.35,19.1,18.6,17.45,27.9,21.78,0
5.933333326829597,103.2,46.95,43.3,18.15,18.85,18.4,19.1,18.6,17.45,27.9,21.75,0
5.966666657477617,103.1,47.0,43.35,18.15,18.85,18.4,19.1,18.6,17.45,27.9,21.75,0
5.999999998603016,103.1,47.05,43.35,18.15,18.85,18.4,19.1,18.6,17.45,27.9,21.75,0
6.033333329251036,103.1,47.05,43.35,18.15,18.85,18.4,19.1,18.6,17.45,28.05,21.78,0
6.066666659899056,103.1,47.1,43.4,18.15,18.85,18.4,19.1,18.6,17.45,27.9,21.78,0
6.099999990547076,103.1,47.15,43.4,18.15,18.85,18.4,19.1,18.6,17.45,27.9,21.75,0
6.133333331672475,103.1,47.15,43.4,18.15,18.85,18.4,19.1,18.6,17.45,27.9,21.78,0
6.166666662320495,103.1,47.2,43.45,18.15,18.85,18.4,19.1,18.6,17.45,28.05,21.78,0
6.199999992968515,103.1,47.2,43.45,18.15,18.85,18.4,19.1,18.6,17.45,28.05,21.75,0
6.2333333236165345,103.1,47.25,43.45,18.15,18.85,18.4,19.1,18.6,17.45,28.05,21.78,0
6.266666664741933,103.1,47.25,43.45,18.15,18.85,18.4,19.1,18.6,17.45,27.9,21.78,0
6.299999995389953,103.1,47.3,43.45,18.15,18.85,18.4,19.1,18.6,17.45,28.05,21.78,0
6.333333326037973,103.1,47.35,43.45,18.15,18.85,18.4,19.1,18.6,17.45,28.05,21.78,0
6.366666656685993,103.1,47.35,43.5,18.15,18.85,18.4,19.1,18.6,17.4,28.05,21.78,0
6.399999997811392,103.1,47.35,43.5,18.15,18.85,18.4,19.1,18.6,17.45,27.9,21.75,0
6.433333328459412,103.1,47.4,43.5,18.15,18.85,18.4,19.1,18.6,17.4,28.05,21.75,0
6.466666659107432,103.2,47.4,43.5,18.15,18.85,18.45,19.1,18.65,17.45,27.9,21.78,0
6.500000000232831,103.2,47.45,43.5,18.15,18.85,18.4,19.1,18.6,17.45,28.35,21.78,0
6.5333333308808506,103.1,47.45,43.5,18.15,18.85,18.45,19.1,18.6,17.4,28.05,21.78,0
6.5666666615288705,103.1,47.5,43.5,18.15,18.85,18.45,19.1,18.65,17.45,27.9,21.75,0
6.59999999217689,103.1,47.5,43.5,18.15,18.85,18.45,19.1,18.65,17.45,27.9,21.78,0
6.633333333302289,103.1,47.5,43.5,18.15,18.85,18.45,19.1,18.6,17.5,27.9,21.75,0
6.666666663950309,103.2,47.55,43.5,18.15,18.85,18.45,19.1,18.65,17.4,27.9,21.75,0
6.699999994598329,103.2,47.55,43.5,18.15,18.85,18.45,19.1,18.65,17.4,27.9,21.75,0
6.733333325246349,103.2,47.6,43.5,18.15,18.85,18.45,19.1,18.65,17.5,27.9,21.75,0
6.766666666371748,103.2,47.6,43.5,18.15,18.85,18.45,19.1,18.65,17.5,28.05,21.78,0
6.799999997019768,103.2,47.6,43.5,18.2,18.85,18.45,19.1,18.65,17.4,27.9,21.75,0
6.833333327667788,103.2,47.65,43.5,18.15,18.8,18.45,19.1,18.65,17.5,27.9,21.75,0
6.866666658315808,103.1,47.65,43.5,18.15,18.8,18.45,19.1,18.65,17.5,27.9,21.75,0
6.8999999994412065,103.2,47.65,43.5,18.15,18.8,18.45,19.1,18.65,17.5,27.9,21.75,0
6.933333330089226,103.1,47.7,43.5,18.2,18.8,18.45,19.1,18.65,17.5,27.9,21.78,0
6.966666660737246,103.2,47.7,43.5,18.2,18.8,18.45,19.1,18.65,17.5,28.05,21.78,0
6.999999991385266,103.2,47.7,43.5,18.2,18.8,18.45,19.1,18.65,17.5,28.2,21.78,0
7.033333332510665,103.2,47.75,43.5,18.3,18.8,18.45,19.1,18.65,17.5,28.05,21.75,0
7.066666663158685,103.2,47.8,43.55,18.65,18.9,18.5,19.15,18.65,17.5,27.9,21.78,0
7.099999993806705,103.2,47.75,43.45,19.2,18.8,18.45,19.1,18.65,17.5,28.05,21.75,0
7.133333324454725,103.2,47.85,43.55,20.25,18.85,18.5,19.15,18.65,17.5,27.9,21.78,0
7.166666665580124,103.2,47.85,43.5,21.5,18.85,18.55,19.15,18.65,17.5,28.05,21.78,0
7.199999996228144,103.2,47.85,43.5,22.95,18.85,18.55,19.15,18.65,17.5,27.9,21.78,0
7.2333333268761635,103.2,47.85,43.5,24.4,18.85,18.55,19.15,18.65,17.5,27.9,21.75,0
7.266666657524183,103.2,47.9,43.5,25.75,18.85,18.55,19.15,18.65,17.5,28.05,21.75,0
7.299999998649582,103.2,47.9,43.5,27.05,18.9,18.55,19.15,18.65,17.5,28.05,21.78,0
7.333333329297602,103.2,47.9,43.5,28.25,19.0,18.55,19.15,18.65,17.5,28.05,21.75,0
7.366666659945622,103.2,47.9,43.5,29.35,19.25,18.55,19.15,18.65,17.5,27.9,21.78,0
7.399999990593642,103.2,47.95,43.45,30.35,19.75,18.55,19.15,18.65,17.5,27.9,21.78,0
7.433333331719041,103.2,47.95,43.45,31.25,20.5,18.55,19.15,18.65,17.5,27.9,21.75,0
7.466666662367061,103.1,47.95,43.45,32.1,21.5,18.55,19.15,18.65,17.5,27.9,21.75,0
7.499999993015081,103.1,47.95,43.45,32.9,22.65,18.55,19.15,18.65,17.5,27.9,21.75,0
7.533333323663101,103.2,48.0,43.45,33.65,23.85,18.55,19.15,18.65,17.5,28.05,21.75,0
7.5666666647884995,103.2,48.0,43.45,34.3,25.05,18.55,19.15,18.65,17.5,27.9,21.78,0
7.599999995436519,103.1,48.0,43.45,34.95,26.2,18.55,19.15,18.65,17.5,27.9,21.78,0
7.633333326084539,103.2,48.0,43.4,35.55,27.3,18.55,19.15,18.65,17.5,28.05,21.75,0
7.666666656732559,103.2,48.0,43.4,36.1,28.35,18.55,19.15,18.65,17.5,27.9,21.75,0
7.699999997857958,103.1,48.05,43.4,36.6,29.3,18.55,19.15,18.65,17.5,27.9,21.75,0
7.733333328505978,103.2,48.05,43.4,37.1,30.25,18.55,19.15,18.65,17.5,28.05,21.75,0
7.766666659153998,103.2,48.05,43.4,37.6,31.1,18.55,19.15,18.65,17.5,27.9,21.75,0
7.800000000279397,103.2,48.05,43.4,38.0,31.9,18.55,19.15,18.65,17.5,27.9,21.75,0
7.833333330927417,103.2,48.05,43.35,38.45,32.65,18.55,19.15,18.65,17.5,27.9,21.75,0
7.866666661575437,103.2,48.1,43.35,38.85,33.4,18.55,19.15,18.65,17.5,27.9,21.78,0
7.8999999922234565,103.1,48.1,43.35,39.2,34.1,18.55,19.15,18.65,17.5,27.9,21.75,0
7.933333333348855,103.1,48.1,43.35,39.6,34.7,18.55,19.15,18.65,17.5,27.9,21.78,0
7.966666663996875,103.2,48.1,43.35,39.9,35.3,18.55,19.15,18.65,17.5,28.2,21.75,0
7.999999994644895,103.2,48.1,43.35,40.25,35.85,18.55,19.15,18.65,17.5,27.9,21.75,0
8.033333325292915,103.2,48.1,43.3,40.55,36.35,18.55,19.15,18.65,17.5,27.9,21.75,0
8.066666666418314,103.2,48.15,43.3,40.85,36.85,18.55,19.15,18.7,17.5,28.05,21.78,0
8.099999997066334,103.2,48.15,43.3,41.15,37.3,18.55,19.15,18.7,17.5,27.9,21.75,0
8.133333327714354,103.2,48.15,43.3,41.4,37.75,18.55,19.15,18.7,17.5,28.05,21.75,0
8.166666658362374,103.2,48.15,43.3,41.7,38.15,18.55,19.15,18.7,17.5,28.05,21.78,0
8.199999999487773,103.2,48.15,43.25,41.95,38.5,18.55,19.1,18.7,17.5,27.9,21.78,0
8.233333330135792,103.2,48.15,43.25,42.2,38.85,18.6,19.1,18.7,17.5,27.9,21.75,0
8.266666660783812,103.2,48.2,43.25,42.4,39.2,18.6,19.15,18.7,17.5,27.9,21.78,0
8.299999991431832,103.2,48.2,43.25,42.65,39.5,18.6,19.1,18.7,17.5,27.9,21.75,0
8.333333332557231,103.2,48.2,43.25,42.85,39.8,18.6,19.1,18.7,17.45,28.05,21.75,0
8.366666663205251,103.2,48.2,43.25,43.05,40.1,18.6,19.1,18.7,17.5,28.05,21.78,0
8.399999993853271,103.2,48.2,43.2,43.25,40.4,18.6,19.1,18.7,17.5,27.9,21.78,0
8.433333324501291,103.2,48.2,43.2,43.45,40.65,18.6,19.1,18.7,17.5,27.9,21.78,0
8.46666666562669,103.2,48.2,43.2,43.6,40.85,18.6,19.1,18.7,17.5,27.9,21.78,0
8.49999999627471,103.2,48.2,43.2,43.8,41.1,18.6,19.1,18.7,17.5,27.9,21.78,0
8.53333332692273,103.2,48.25,43.2,43.95,41.3,18.6,19.1,18.7,17.5,28.05,21.78,0
8.56666665757075,103.2,48.25,43.15,44.15,41.5,18.6,19.1,18.7,17.5,28.05,21.75,0
8.599999998696148,103.2,48.25,43.15,44.3,41.7,18.6,19.1,18.7,17.5,27.9,21.78,0
8.633333329344168,103.2,48.25,43.15,44.45,41.9,18.6,19.1,18.7,17.55,27.9,21.75,0
8.666666659992188,103.2,48.25,43.15,44.6,42.05,18.6,19.1,18.7,17.55,27.9,21.75,0
8.699999990640208,103.1,48.25,43.15,44.75,42.25,18.6,19.1,18.7,17.5,27.9,21.78,0
8.733333331765607,103.2,48.25,43.1,44.85,42.4,18.6,19.1,18.7,17.55,27.9,21.78,0
8.766666662413627,103.2,48.25,43.1,45.0,42.55,18.6,19.1,18.7,17.55,27.9,21.78,0
8.799999993061647,103.2,48.25,43.1,45.15,42.7,18.6,19.1,18.7,17.55,27.9,21.75,0
8.833333323709667,103.2,48.3,43.1,45.25,42.8,18.6,19.1,18.7,17.55,27.9,21.78,0
8.866666664835066,103.2,48.3,43.1,45.35,42.95,18.6,19.1,18.7,17.55,28.05,21.78,0
8.899999995483086,103.2,48.3,43.05,45.5,43.05,18.6,19.1,18.7,17.55,27.9,21.75,0
8.933333326131105,103.2,48.3,43.05,45.6,43.2,18.6,19.1,18.7,17.55,27.9,21.75,0
8.966666656779125,103.2,48.3,43.05,45.7,43.3,18.6,19.1,18.7,17.55,28.05,21.78,0
8.999999997904524,103.2,48.3,43.05,45.8,43.4,18.6,19.1,18.75,17.55,27.9,21.78,0
9.033333328552544,103.2,48.3,43.05,45.9,43.5,18.6,19.1,18.7,17.55,28.05,21.78,0
9.066666659200564,103.2,48.3,43.0,46.0,43.6,18.6,19.1,18.7,17.55,28.2,21.78,0
9.100000000325963,103.2,48.3,43.0,46.1,43.7,18.6,19.1,18.7,17.55,27.9,21.75,0
9.133333330973983,103.2,48.3,43.0,46.2,43.75,18.6,19.1,18.7,17.55,28.05,21.75,0
9.166666661622003,103.2,48.4,43.05,46.35,43.9,18.65,19.15,18.7,17.5,27.9,21.75,0
9.199999992270023,103.2,48.3,43.0,46.35,43.95,18.6,19.1,18.7,17.55,27.9,21.78,0
9.233333333395422,103.2,48.35,42.95,46.45,44.0,18.6,19.1,18.8,17.55,28.05,21.75,0
9.266666664043441,103.2,48.35,42.95,46.55,44.05,18.6,19.1,18.8,17.5,27.9,21.78,0
9.299999994691461,103.2,48.4,43.0,46.65,44.2,18.7,19.15,18.7,17.55,28.05,21.75,0
9.333333325339481,103.2,48.4,43.0,46.75,44.25,18.7,19.15,18.8,17.55,28.2,21.78,0
9.36666666646488,103.2,48.4,43.0,46.8,44.35,18.7,19.15,18.8,17.5,27.9,21.75,0
9.3999999971129,103.2,48.4,43.0,46.9,44.4,18.7,19.15,18.8,17.5,27.9,21.78,0
9.43333332776092,103.2,48.4,42.95,46.95,44.45,18.7,19.15,18.8,17.5,28.05,21.78,0
9.46666665840894,103.2,48.4,42.95,47.0,44.5,18.7,19.15,18.8,17.55,27.9,21.75,0
9.499999999534339,103.2,48.4,42.95,47.1,44.55,18.7,19.15,18.8,17.5,28.05,21.75,0
9.533333330182359,103.2,48.4,42.95,47.15,44.6,18.7,19.15,18.8,17.5,28.05,21.75,0
9.566666660830379,103.2,48.4,42.95,47.2,44.65,18.7,19.15,18.8,17.5,27.9,21.78,0
9.599999991478398,103.2,48.45,42.9,47.25,44.65,18.7,19.15,18.8,17.5,28.05,21.75,0
9.633333332603797,103.2,48.45,42.9,47.3,44.7,18.7,19.15,18.75,17.5,28.05,21.78,0
9.666666663251817,103.2,48.45,42.9,47.4,44.75,18.7,19.15,18.8,17.5,28.05,21.78,0
9.699999993899837,103.2,48.45,42.9,47.45,44.8,18.7,19.15,18.8,17.5,28.05,21.75,0
9.733333324547857,103.2,48.45,42.9,47.5,44.8,18.7,19.15,18.8,17.5,27.9,21.78,0
9.766666665673256,103.2,48.45,42.85,47.55,44.85,18.7,19.15,18.8,17.5,27.9,21.75,0
9.799999996321276,103.2,48.45,42.85,47.6,44.9,18.7,19.15,18.8,17.5,27.9,21.78,0
9.833333326969296,103.2,48.45,42.85,47.65,44.9,18.7,19.15,18.8,17.5,27.9,21.78,0
9.866666657617316,103.2,48.45,42.85,47.7,44.95,18.7,19.15,18.8,17.5,27.9,21.78,0
9.899999998742715,103.2,48.45,42.85,47.7,44.95,18.7,19.15,18.8,17.5,27.9,21.75,0
9.933333329390734,103.2,48.45,42.8,47.75,45.0,18.7,19.15,18.8,17.5,27.9,21.75,0
9.966666660038754,103.2,48.45,42.8,47.8,45.0,18.7,19.15,18.8,17.5,27.9,21.78,0
9.999999990686774,103.2,48.45,42.8,47.85,45.0,18.7,19.15,18.8,17.5,27.9,21.75,0
10.033333331812173,103.2,48.45,42.8,47.9,45.05,18.7,19.15,18.8,17.5,27.9,21.78,0
10.066666662460193,103.2,48.45,42.8,47.95,45.05,18.7,19.15,18.8,17.5,28.05,21.75,0
10.099999993108213,103.2,48.45,42.8,47.95,45.05,18.7,19.15,18.8,17.5,27.9,21.78,0
10.133333323756233,103.2,48.45,42.75,48.0,45.1,18.7,19.15,18.8,17.5,28.05,21.78,0
10.166666664881632,103.2,48.45,42.75,48.05,45.1,18.7,19.15,18.8,17.5,28.05,21.78,0
10.199999995529652,103.2,48.5,42.75,48.05,45.1,18.7,19.15,18.8,17.5,27.9,21.78,0
10.233333326177672,103.2,48.45,42.75,48.1,45.15,18.7,19.15,18.8,17.5,27.9,21.75,0
10.266666656825691,103.2,48.5,42.7,48.15,45.15,18.7,19.15,18.8,17.5,27.9,21.75,0
10.29999999795109,103.2,48.5,42.7,48.2,45.15,18.7,19.15,18.8,17.5,27.9,21.78,0
10.33333332859911,103.2,48.5,42.7,48.2,45.15,18.7,19.15,18.8,17.5,27.9,21.75,0
10.36666665924713,103.2,48.5,42.7,48.25,45.15,18.7,19.15,18.8,17.5,28.05,21.78,0
10.400000000372529,103.2,48.5,42.7,48.25,45.2,18.7,19.15,18.8,17.5,27.9,21.78,0
10.433333331020549,103.2,48.5,42.7,48.3,45.2,18.7,19.15,18.8,17.5,27.9,21.75,0
10.466666661668569,103.2,48.5,42.65,48.35,45.2,18.7,19.15,18.8,17.5,27.9,21.78,0
10.499999992316589,103.2,48.5,42.65,48.35,45.2,18.7,19.15,18.8,17.5,27.9,21.78,0
10.533333333441988,103.2,48.5,42.65,48.4,45.2,18.7,19.15,18.8,17.6,28.05,21.75,0
10.566666664090008,103.2,48.5,42.65,48.4,45.2,18.7,19.15,18.8,17.5,27.9,21.75,0
10.599999994738027,103.2,48.5,42.65,48.45,45.2,18.7,19.15,18.8,17.5,27.9,21.78,0
10.633333325386047,103.2,48.5,42.6,48.45,45.2,18.7,19.15,18.8,17.55,28.2,21.75,0
10.666666666511446,103.2,48.5,42.6,48.5,45.2,18.7,19.15,18.8,17.6,27.9,21.75,0
10.699999997159466,103.2,48.5,42.6,48.5,45.2,18.75,19.15,18.8,17.55,27.9,21.75,0
10.733333327807486,103.2,48.5,42.6,48.55,45.2,18.7,19.15,18.85,17.55,27.9,21.78,0
10.766666658455506,103.2,48.5,42.6,48.55,45.2,18.7,19.15,18.85,17.6,27.9,21.78,0
10.799999999580905,103.2,48.5,42.6,48.6,45.2,18.75,19.15,18.8,17.6,27.9,21.75,0
10.833333330228925,103.2,48.5,42.55,48.6,45.2,18.75,19.15,18.85,17.6,27.9,21.75,0
10.866666660876945,103.2,48.5,42.55,48.6,45.2,18.75,19.15,18.85,17.6,27.9,21.78,0
10.899999991524965,103.2,48.5,42.55,48.65,45.2,18.75,19.15,18.85,17.6,27.9,21.75,0
10.933333332650363,103.2,48.5,42.55,48.65,45.2,18.75,19.15,18.85,17.55,27.9,21.75,0
10.966666663298383,103.2,48.5,42.55,48.7,45.2,18.75,19.15,18.85,17.6,28.05,21.78,0
10.999999993946403,103.2,48.5,42.5,48.7,45.2,18.75,19.15,18.85,17.6,28.05,21.75,0
11.033333324594423,103.2,48.5,42.5,48.7,45.2,18.75,19.15,18.85,17.55,27.9,21.78,0
11.066666665719822,103.2,48.5,42.5,48.75,45.2,18.75,19.15,18.85,17.55,27.9,21.78,0
11.099999996367842,103.2,48.5,42.5,48.75,45.2,18.75,19.15,18.85,17.55,27.9,21.78,0
11.133333327015862,103.2,48.5,42.5,48.75,45.2,18.75,19.15,18.85,17.55,27.9,21.78,0
11.166666657663882,103.2,48.5,42.45,48.8,45.2,18.75,19.15,18.85,17.55,27.9,21.75,0
11.19999999878928,103.2,48.5,42.45,48.8,45.2,18.75,19.15,18.85,17.55,28.05,21.75,0
11.2333333294373,103.2,48.5,42.45,48.8,45.2,18.75,19.15,18.85,17.55,28.05,21.78,0
11.26666666008532,103.2,48.5,42.45,48.85,45.15,18.75,19.15,18.85,17.55,27.9,21.78,0
11.29999999073334,103.2,48.5,42.45,48.85,45.15,18.8,19.15,18.85,17.55,27.9,21.75,0
11.33333333185874,103.2,48.5,42.4,48.85,45.15,18.85,19.15,18.85,17.55,27.9,21.75,0
11.36666666250676,103.2,48.5,42.4,48.9,45.15,19.1,19.15,18.85,17.55,28.05,21.78,0
11.399999993154779,103.2,48.6,42.5,48.95,45.2,19.6,19.2,18.85,17.55,27.9,21.78,0
11.433333323802799,103.2,48.55,42.4,48.9,45.15,20.3,19.15,18.85,17.55,27.9,21.78,0
11.466666664928198,103.2,48.5,42.4,48.9,45.15,21.3,19.15,18.85,17.55,28.05,21.75,0
11.499999995576218,103.2,48.5,42.4,48.95,45.15,22.55,19.15,18.85,17.55,28.05,21.75,0
11.533333326224238,103.2,48.6,42.45,49.0,45.2,23.9,19.2,18.85,17.55,27.9,21.78,0
11.566666656872258,103.2,48.6,42.45,49.0,45.2,25.3,19.2,18.85,17.55,28.05,21.75,0
11.599999997997656,103.2,48.6,42.4,49.05,45.15,26.6,19.2,18.85,17.55,27.9,21.75,0
11.633333328645676,103.2,48.6,42.4,49.05,45.15,27.85,19.2,18.85,17.55,27.9,21.78,0
11.666666659293696,103.2,48.6,42.4,49.05,45.15,29.0,19.25,18.85,17.55,27.9,21.75,0
11.699999989941716,103.2,48.6,42.4,49.05,45.15,30.1,19.35,18.85,17.55,28.05,21.78,0
11.733333331067115,103.2,48.6,42.4,49.1,45.15,31.1,19.6,18.85,17.55,28.05,21.75,0
11.766666661715135,103.2,48.6,42.4,49.1,45.15,32.05,20.15,18.85,17.55,27.9,21.78,0
11.799999992363155,103.2,48.6,42.35,49.1,45.1,32.9,21.0,18.85,17.55,27.9,21.75,0
11.833333333488554,103.2,48.6,42.35,49.1,45.1,33.7,22.1,18.85,17.55,28.05,21.78,0
11.866666664136574,103.2,48.6,42.35,49.1,45.1,34.5,23.4,18.85,17.55,28.05,21.78,0
11.899999994784594,103.2,48.6,42.35,49.15,45.1,35.2,24.7,18.85,17.55,27.9,21.75,0
11.933333325432613,103.2,48.6,42.35,49.15,45.1,35.85,26.0,18.85,17.55,27.9,21.78,0
11.966666666558012,103.2,48.6,42.3,49.15,45.1,36.45,27.2,18.85,17.55,27.9,21.78,0
11.999999997206032,103.2,48.6,42.3,49.15,45.05,37.05,28.35,18.85,17.55,27.9,21.78,0
12.033333327854052,103.2,48.6,42.3,49.15,45.05,37.6,29.4,18.85,17.55,27.9,21.75,0
12.066666658502072,103.2,48.6,42.3,49.15,45.05,38.15,30.4,18.85,17.55,28.05,21.78,0
12.099999999627471,103.2,48.6,42.3,49.2,45.05,38.65,31.3,18.85,17.55,28.05,21.75,0
12.13333333027549,103.2,48.6,42.3,49.2,45.05,39.1,32.15,18.85,17.55,28.05,21.78,0
12.16666666092351,103.2,48.6,42.25,49.2,45.05,39.55,32.95,18.85,17.55,27.9,21.78,0
12.19999999157153,103.2,48.6,42.25,49.2,45.0,40.0,33.7,18.85,17.55,28.05,21.75,0
12.23333333269693,103.2,48.6,42.25,49.2,45.0,40.4,34.4,18.85,17.55,28.05,21.75,0
12.26666666334495,103.2,48.6,42.25,49.2,45.0,40.75,35.05,18.85,17.55,28.05,21.78,0
12.29999999399297,103.2,48.6,42.25,49.25,45.0,41.15,35.65,18.85,17.55,27.9,21.75,0
12.33333332464099,103.2,48.6,42.25,49.25,45.0,41.5,36.2,18.85,17.55,28.05,21.78,0
12.366666665766388,103.1,48.6,42.2,49.25,44.95,41.85,36.75,18.85,17.55,28.05,21.75,0
12.399999996414408,103.2,48.6,42.2,49.25,44.95,42.15,37.25,18.85,17.55,27.9,21.78,0
12.433333327062428,103.2,48.6,42.2,49.25,44.95,42.45,37.75,18.85,17.55,27.9,21.75,0
12.466666657710448,103.2,48.6,42.2,49.25,44.95,42.75,38.2,18.85,17.55,27.9,21.75,0
12.499999998835847,103.2,48.6,42.2,49.25,44.95,43.05,38.6,18.9,17.55,27.9,21.78,0
12.533333329483867,103.2,48.6,42.15,49.25,44.9,43.3,39.0,18.9,17.55,27.9,21.75,0
12.566666660131887,103.2,48.6,42.15,49.3,44.9,43.55,39.4,18.9,17.55,27.9,21.78,0
12.599999990779907,103.2,48.6,42.15,49.3,44.9,43.8,39.75,18.9,17.55,27.9,21.75,0
12.633333331905305,103.3,48.6,42.15,49.3,44.9,44.05,40.1,18.9,17.55,27.9,21.75,0
12.666666662553325,103.3,48.6,42.15,49.3,44.9,44.3,40.4,18.9,17.55,28.05,21.75,0
12.699999993201345,103.3,48.6,42.15,49.3,44.85,44.5,40.7,18.9,17.55,27.9,21.78,0
12.733333323849365,103.3,48.6,42.1,49.3,44.85,44.7,41.0,18.9,17.6,27.9,21.78,0
12.766666664974764,103.4,48.6,42.1,49.3,44.85,44.9,41.25,18.9,17.6,28.05,21.75,0
12.799999995622784,103.4,48.6,42.1,49.3,44.85,45.1,41.5,18.9,17.6,28.05,21.75,0
12.833333326270804,103.5,48.6,42.1,49.3,44.85,45.3,41.75,18.9,17.6,27.9,21.78,0
12.866666656918824,103.5,48.6,42.1,49.35,44.8,45.45,41.95,18.9,17.6,28.05,21.78,0
12.899999998044223,103.6,48.6,42.1,49.35,44.8,45.65,42.2,18.9,17.6,27.9,21.75,0
12.933333328692243,103.6,48.6,42.05,49.35,44.8,45.8,42.4,18.9,17.6,27.9,21.75,0
12.966666659340262,103.6,48.6,42.05,49.35,44.8,46.0,42.6,18.9,17.6,28.05,21.75,0
12.999999989988282,103.7,48.6,42.05,49.35,44.8,46.15,42.75,18.9,17.6,27.9,21.78,0
13.033333331113681,103.7,48.6,42.05,49.35,44.8,46.3,42.95,18.9,17.6,28.05,21.75,0
13.066666661761701,103.7,48.6,42.05,49.35,44.75,46.45,43.1,18.9,17.6,27.9,21.75,0
13.099999992409721,103.7,48.6,42.05,49.35,44.75,46.55,43.25,18.9,17.6,28.05,21.75,0
13.13333333353512,103.6,48.65,42.05,49.35,44.75,46.7,43.4,18.9,17.6,28.05,21.78,0
13.16666666418314,103.7,48.65,42.0,49.35,44.75,46.85,43.55,18.9,17.6,28.05,21.75,0
13.19999999483116,103.6,48.65,42.0,49.35,44.75,46.95,43.7,18.9,17.6,27.9,21.75,0
13.23333332547918,103.8,48.65,42.0,49.4,44.7,47.1,43.8,18.9,17.6,28.05,21.75,0
13.266666666604578,103.8,48.65,42.0,49.4,44.7,47.2,43.95,18.9,17.6,28.05,21.78,0
13.299999997252598,103.8,48.65,42.0,49.4,44.7,47.3,44.05,18.9,17.6,27.9,21.75,0
13.333333327900618,103.8,48.65,42.0,49.4,44.7,47.4,44.15,18.9,17.6,28.05,21.78,0
13.366666658548638,103.8,48.65,42.0,49.4,44.7,47.5,44.25,18.9,17.6,27.9,21.78,0
13.399999999674037,103.8,48.65,42.0,49.4,44.65,47.6,44.35,18.9,17.6,27.9,21.78,0
13.433333330322057,103.8,48.65,41.95,49.4,44.65,47.7,44.45,18.9,17.6,28.05,21.78,0
13.466666660970077,103.8,48.65,41.95,49.4,44.65,47.8,44.55,18.9,17.6,28.05,21.75,0
13.499999991618097,103.8,48.65,41.95,49.4,44.65,47.9,44.65,18.9,17.6,27.9,21.78,0
13.533333332743496,103.8,48.65,41.95,49.4,44.65,48.0,44.7,18.9,17.6,28.05,21.75,0
13.566666663391516,103.8,48.65,41.95,49.4,44.6,48.05,44.8,18.9,17.6,27.9,21.78,0
13.599999994039536,103.8,48.65,41.95,49.4,44.6,48.15,44.85,18.9,17.6,28.05,21.78,0
13.633333324687555,103.8,48.65,41.9,49.4,44.6,48.25,44.9,18.9,17.6,27.9,21.75,0
13.666666665812954,103.8,48.65,41.9,49.4,44.6,48.3,45.0,18.9,17.6,28.05,21.75,0
13.699999996460974,103.8,48.65,41.9,49.4,44.6,48.4,45.05,18.9,17.6,28.05,21.78,0
13.733333327108994,103.8,48.65,41.9,49.45,44.55,48.45,45.1,18.9,17.6,27.9,21.78,0
13.766666657757014,103.8,48.7,41.95,49.5,44.6,48.6,45.2,18.9,17.6,27.9,21.75,0
13.799999998882413,103.6,48.7,41.9,49.5,44.55,48.6,45.2,18.9,17.6,28.05,21.78,0
13.833333329530433,103.6,48.7,41.85,49.5,44.5,48.65,45.15,18.9,17.6,28.05,21.75,0
13.866666660178453,103.6,48.7,41.8,49.5,44.45,48.7,45.15,18.9,17.6,27.9,21.78,0
13.899999990826473,103.5,48.7,41.8,49.5,44.4,48.7,45.1,18.9,17.6,28.2,21.78,0
13.933333331951872,103.5,48.7,41.75,49.5,44.35,48.75,45.1,18.9,17.6,27.9,21.75,0
13.966666662599891,103.4,48.7,41.7,49.5,44.25,48.75,45.1,18.9,17.6,27.9,21.78,0
13.999999993247911,76.9,48.7,41.65,49.5,44.25,48.8,45.1,18.9,17.6,28.05,21.78,2
14.033333323895931,60.6,48.6,41.6,49.4,44.25,48.85,45.2,18.9,17.6,27.9,21.75,2
14.06666666502133,51.1,48.5,41.45,49.3,44.2,48.85,45.25,18.9,17.6,27.9,21.78,2
14.09999999566935,45.3,48.35,41.3,49.15,44.1,48.8,45.25,18.9,17.6,27.9,21.75,2
14.13333332631737,41.4,48.15,41.1,49.0,43.95,48.7,45.2,18.9,17.6,27.9,21.75,2
14.16666665696539,38.7,47.95,40.9,48.8,43.75,48.55,45.15,18.9,17.6,28.2,21.78,2
14.199999998090789,36.8,47.75,40.7,48.6,43.55,48.4,45.05,18.9,17.6,27.9,21.78,2
14.233333328738809,35.1,47.5,40.45,48.4,43.35,48.25,44.9,18.9,17.6,27.9,21.75,2
14.266666659386829,33.8,47.3,40.2,48.2,43.15,48.05,44.75,18.9,17.6,28.2,21.78,2
14.299999990034848,32.8,47.05,39.95,48.0,42.9,47.9,44.6,18.9,17.6,28.05,21.78,2
14.333333331160247,31.8,46.8,39.75,47.8,42.7,47.7,44.4,18.9,17.6,27.9,21.78,2
14.366666661808267,31.0,46.6,39.5,47.55,42.45,47.55,44.25,18.9,17.6,27.9,21.78,2
14.399999992456287,30.2,46.35,39.25,47.35,42.25,47.35,44.05,18.9,17.6,28.2,21.78,2
14.433333333581686,29.5,46.1,39.0,47.15,42.0,47.15,43.85,18.9,17.6,28.2,21.75,2
14.466666664229706,28.9,45.9,38.75,46.95,41.8,46.95,43.65,18.9,17.6,28.05,21.75,2
14.499999994877726,29.3,45.65,38.5,46.75,41.55,46.8,43.45,18.9,17.6,24.9,21.45,2
14.533333325525746,29.0,45.45,38.3,46.55,41.35,46.65,43.3,18.9,17.6,26.85,21.63,2
14.566666666651145,28.2,45.25,38.05,46.4,41.1,46.5,43.1,18.85,17.6,27.9,21.75,2
14.599999997299165,27.0,45.0,37.8,46.2,40.9,46.4,42.9,18.85,17.6,28.2,21.78,2
14.633333327947184,25.7,44.75,37.55,46.0,40.65,46.2,42.7,18.85,17.6,28.2,21.78,2
14.666666658595204,24.5,44.45,37.3,45.75,40.4,46.05,42.45,18.85,17.6,27.9,21.78,2
14.699999999720603,23.4,44.15,37.0,45.45,40.1,45.85,42.2,18.85,17.6,27.9,21.78,2
14.733333330368623,22.4,43.8,36.65,45.2,39.85,45.65,41.95,18.85,17.6,28.05,21.78,2
14.766666661016643,21.5,43.45,36.35,44.9,39.5,45.45,41.7,18.9,17.6,28.05,21.75,2
14.799999991664663,20.6,43.1,36.0,44.6,39.2,45.2,41.4,18.85,17.6,27.9,21.78,2
14.833333332790062,19.8,42.7,35.65,44.3,38.9,44.95,41.1,18.85,17.6,28.05,21.78,2
14.866666663438082,19.1,42.35,35.3,43.95,38.55,44.7,40.8,18.85,17.6,28.05,21.78,2
14.899999994086102,18.4,42.0,34.95,43.65,38.2,44.45,40.5,18.95,17.65,28.05,21.78,2
14.933333324734122,17.8,41.6,34.6,43.3,37.9,44.2,40.2,18.95,17.6,28.05,21.78,2
14.96666666585952,17.2,41.25,34.25,43.0,37.55,43.9,39.9,18.95,17.65,28.05,21.78,2
14.99999999650754,16.6,40.85,33.9,42.65,37.2,43.65,39.6,18.9,17.6,28.05,21.78,2
15.03333332715556,16.1,40.5,33.55,42.35,36.9,43.4,39.25,18.95,17.65,28.05,21.78,2
15.06666665780358,15.6,40.15,33.15,42.0,36.55,43.1,38.95,18.95,17.65,28.05,21.78,2
15.099999998928979,15.1,39.75,32.8,41.7,36.2,42.85,38.65,18.95,17.65,28.05,21.78,2
15.133333329576999,14.7,39.4,32.45,41.35,35.9,42.55,38.35,18.95,17.65,28.05,21.78,2
15.166666660225019,14.3,39.05,32.15,41.05,35.6,42.3,38.0,19.0,17.65,27.9,21.78,2
15.199999990873039,13.9,38.7,31.8,40.7,35.25,42.0,37.7,19.0,17.65,28.05,21.78,2
15.233333331998438,13.6,38.35,31.45,40.4,34.95,41.75,37.4,18.9,17.65,27.9,21.78,2
15.266666662646458,13.2,38.0,31.15,40.1,34.6,41.5,37.1,19.0,17.65,27.9,21.78,2
15.299999993294477,12.8,37.7,30.8,39.8,34.3,41.2,36.8,19.0,17.65,28.05,21.78,2
15.333333323942497,12.6,37.35,30.5,39.5,34.0,40.95,36.5,19.0,17.65,27.9,21.78,2
15.366666665067896,12.3,37.0,30.2,39.15,33.7,40.7,36.2,19.0,17.65,27.9,21.78,2
15.399999995715916,12.0,36.7,29.85,38.9,33.4,40.4,35.9,19.0,17.65,27.9,21.78,2
15.433333326363936,11.6,36.4,29.55,38.6,33.1,40.15,35.6,19.0,17.65,28.05,21.78,2
15.466666657011956,11.3,36.1,29.25,38.3,32.8,39.9,35.35,19.0,17.65,27.9,21.78,2
15.499999998137355,11.1,35.75,28.95,38.0,32.5,39.65,35.05,19.0,17.65,27.9,21.75,2
15.533333328785375,10.9,35.45,28.65,37.7,32.2,39.4,34.75,19.0,17.65,28.05,21.78,2
15.566666659433395,10.6,35.15,28.35,37.45,31.95,39.1,34.5,19.0,17.65,28.05,21.78,2
15.599999990081415,10.5,34.85,28.1,37.15,31.65,38.85,34.2,19.0,17.65,27.9,21.78,2
15.633333331206813,10.2,34.55,27.8,36.9,31.4,38.6,33.95,19.0,17.65,27.9,21.78,2
15.666666661854833,10.1,34.3,27.55,36.6,31.15,38.4,33.7,19.05,17.65,28.05,21.78,2
15.699999992502853,9.8,34.0,27.25,36.35,30.85,38.15,33.4,19.05,17.65,28.05,21.78,2
15.733333333628252,9.6,33.7,27.0,36.05,30.6,37.9,33.15,19.05,17.65,28.05,21.78,2
15.766666664276272,9.4,33.45,26.75,35.8,30.35,37.65,32.9,19.05,17.65,27.9,21.78,2
15.799999994924292,9.3,33.15,26.45,35.55,30.1,37.4,32.65,19.05,17.65,27.9,21.78,2
15.833333325572312,9.1,32.9,26.2,35.3,29.85,37.2,32.4,19.05,17.65,28.05,21.75,2
15.86666666669771,8.9,32.6,25.95,35.05,29.6,36.95,32.15,19.05,17.65,28.05,21.78,2
15.89999999734573,8.8,32.35,25.7,34.8,29.35,36.7,31.9,19.05,17.65,27.9,21.78,2
15.93333332799375,8.6,32.1,25.45,34.55,29.1,36.5,31.65,19.05,17.65,27.9,21.75,2
15.96666665864177,8.5,31.85,25.25,34.3,28.9,36.25,31.45,19.05,17.65,28.05,21.78,2
15.99999999976717,8.3,31.6,25.0,34.05,28.65,36.05,31.2,19.05,17.65,27.9,21.78,2
16.03333333041519,8.3,31.35,24.75,33.85,28.45,35.8,30.95,19.05,17.65,28.05,21.78,2
16.06666666106321,8.1,31.1,24.55,33.6,28.2,35.6,30.75,19.05,17.65,27.9,21.78,2
16.09999999171123,7.9,30.9,24.3,33.35,28.0,35.4,30.5,19.05,17.65,28.05,21.78,2
16.133333332836628,7.8,30.65,24.1,33.15,27.8,35.15,30.3,19.05,17.65,27.9,21.78,2
16.166666663484648,7.8,30.5,23.9,32.95,27.65,35.0,30.15,19.05,17.65,28.05,21.78,2
16.199999994132668,7.6,30.25,23.7,32.75,27.4,34.8,29.95,19.05,17.65,27.9,21.75,2
16.233333324780688,7.5,30.0,23.5,32.5,27.2,34.6,29.75,19.05,17.65,28.05,21.78,2
16.266666665906087,7.4,29.8,23.3,32.3,27.0,34.4,29.5,19.05,17.65,27.9,21.78,2
16.299999996554106,7.3,29.55,23.1,32.1,26.8,34.2,29.3,19.05,17.65,27.9,21.78,2
16.333333327202126,7.1,29.35,22.9,31.9,26.6,34.0,29.1,19.05,17.65,28.05,21.75,2
16.366666657850146,7.0,29.15,22.7,31.7,26.4,33.8,28.9,19.05,17.65,27.9,21.78,2
16.399999998975545,6.9,28.9,22.5,31.45,26.2,33.55,28.7,19.05,17.65,27.9,21.75,2
16.433333329623565,6.8,28.7,22.3,31.25,26.05,33.35,28.5,19.05,17.65,28.2,21.78,2
16.466666660271585,6.8,28.5,22.1,31.05,25.85,33.2,28.35,19.05,17.65,27.9,21.75,2
16.499999990919605,6.8,28.3,21.9,30.9,25.65,33.0,28.15,19.05,17.65,28.05,21.78,2
16.533333332045004,6.6,28.1,21.75,30.7,25.5,32.8,27.95,19.05,17.65,28.05,21.78,2
16.566666662693024,6.5,27.9,21.55,30.5,25.3,32.6,27.8,19.05,17.65,28.05,21.75,2
16.599999993341044,6.4,27.7,21.4,30.3,25.15,32.4,27.6,19.05,17.65,27.9,21.75,2
16.633333323989064,6.3,27.5,21.2,30.1,24.95,32.25,27.4,19.05,17.65,27.9,21.78,2
16.666666665114462,6.3,27.3,21.05,29.9,24.8,32.05,27.25,19.05,17.7,28.05,21.75,2
16.699999995762482,6.3,27.15,20.85,29.75,24.6,31.9,27.1,19.05,17.7,28.2,21.75,2
16.733333326410502,6.1,26.95,20.7,29.55,24.45,31.7,26.9,19.05,17.7,27.9,21.75,2
16.766666657058522,6.1,26.75,20.55,29.35,24.3,31.55,26.75,19.05,17.7,27.9,21.78,2
16.79999999818392,6.0,26.55,20.35,29.2,24.15,31.35,26.55,19.05,17.7,27.9,21.78,2
16.83333332883194,5.9,26.4,20.2,29.0,23.95,31.2,26.4,19.05,17.7,27.9,21.78,2
16.86666665947996,5.8,26.2,20.05,28.8,23.8,31.0,26.25,19.05,17.7,27.9,21.75,2
16.89999999012798,5.8,26.05,19.85,28.65,23.65,30.85,26.1,19.05,17.7,27.9,21.75,2
16.93333333125338,5.8,25.85,19.7,28.5,23.5,30.65,25.95,19.05,17.7,27.9,21.78,2
16.9666666619014,5.6,25.7,19.55,28.3,23.35,30.5,25.75,19.05,17.7,27.9,21.75,2
16.99999999254942,5.6,25.5,19.4,28.15,23.2,30.35,25.6,19.05,17.7,27.9,21.75,2
17.03333333367482,5.5,25.35,19.25,28.0,23.1,30.2,25.45,19.05,17.7,28.05,21.75,2
17.066666664322838,5.5,25.2,19.1,27.8,22.95,30.0,25.35,19.05,17.7,27.9,21.75,2
17.099999994970858,5.4,25.0,18.95,27.65,22.8,29.85,25.2,19.05,17.7,27.9,21.75,2
17.133333325618878,5.4,24.85,18.8,27.5,22.65,29.7,25.05,19.05,17.7,27.9,21.75,2
17.166666666744277,5.3,24.7,18.7,27.35,22.5,29.55,24.9,19.05,17.7,27.9,21.75,2
17.199999997392297,5.3,24.55,18.55,27.2,22.35,29.4,24.75,19.05,17.7,27.9,21.78,2
17.233333328040317,5.3,24.35,18.4,27.05,22.25,29.25,24.6,19.05,17.7,28.05,21.75,2
17.266666658688337,5.1,24.2,18.25,26.9,22.1,29.05,24.5,19.05,17.7,28.2,21.78,2
17.299999999813735,5.1,24.05,18.15,26.75,22.0,28.9,24.35,19.05,17.7,28.05,21.75,2
17.333333330461755,5.0,23.9,18.0,26.6,21.85,28.75,24.2,19.05,17.7,27.9,21.75,2
17.366666661109775,5.0,23.75,17.85,26.45,21.7,28.6,24.1,19.05,17.7,28.05,21.75,2
17.399999991757795,4.9,23.6,17.75,26.3,21.6,28.5,23.95,19.05,17.7,28.05,21.75,2
17.433333332883194,4.9,23.45,17.6,26.15,21.5,28.35,23.8,19.05,17.7,28.05,21.75,2
17.466666663531214,4.8,23.3,17.5,26.0,21.35,28.2,23.7,19.05,17.7,28.05,21.75,2
17.499999994179234,4.8,23.15,17.35,25.85,21.25,28.05,23.6,19.05,17.7,28.05,21.75,2
17.533333324827254,4.8,23.0,17.25,25.7,21.1,27.9,23.45,19.05,17.7,28.35,21.78,2
17.566666665952653,4.8,22.9,17.15,25.55,21.0,27.75,23.35,19.05,17.65,27.9,21.75,2
17.599999996600673,4.8,22.75,17.0,25.45,20.9,27.65,23.2,19.05,17.7,27.9,21.75,2
17.633333327248693,4.6,22.6,16.9,25.3,20.8,27.5,23.1,19.05,17.65,28.05,21.78,2
17.666666657896712,4.6,22.45,16.8,25.15,20.65,27.35,23.0,19.05,17.65,28.05,21.75,2
17.69999999902211,4.5,22.3,16.65,25.05,20.55,27.2,22.85,19.05,17.7,28.05,21.78,2
17.73333332967013,4.5,22.2,16.55,24.9,20.45,27.1,22.75,19.05,17.65,28.05,21.75,2
17.76666666031815,4.5,22.05,16.45,24.75,20.35,26.95,22.65,19.05,17.65,28.2,21.75,2
17.79999999096617,4.4,21.9,16.35,24.65,20.2,26.85,22.55,19.05,17.65,28.2,21.75,2
17.83333333209157,4.4,21.8,16.2,24.5,20.1,26.7,22.4,19.05,17.65,27.9,21.78,2
17.86666666273959,4.4,21.65,16.1,24.35,20.0,26.55,22.3,19.05,17.65,28.05,21.75,2
17.89999999338761,4.3,21.5,16.0,24.25,19.9,26.45,22.2,19.05,17.65,27.9,21.78,2
17.93333332403563,4.3,21.4,15.9,24.1,19.8,26.3,22.1,19.05,17.65,28.05,21.75,2
17.96666666516103,4.3,21.3,15.8,24.0,19.7,26.2,22.0,19.05,17.65,27.9,21.75,2
17.99999999580905,4.2,21.15,15.7,23.85,19.6,26.05,21.9,19.05,17.65,28.05,21.78,2
18.03333332645707,4.2,21.05,15.6,23.75,19.5,25.95,21.8,19.05,17.65,27.9,21.78,2
18.06666665710509,4.2,20.9,15.5,23.6,19.4,25.8,21.7,19.05,17.7,28.05,21.78,2
18.099999998230487,4.1,20.8,15.4,23.5,19.3,25.7,21.6,19.05,17.7,28.05,21.78,2
18.133333328878507,4.1,20.65,15.3,23.4,19.2,25.55,21.5,19.05,17.7,28.05,21.78,2
18.166666659526527,4.1,20.55,15.2,23.25,19.1,25.45,21.4,19.05,17.7,28.05,21.78,2
18.199999990174547,4.0,20.4,15.1,23.15,19.0,25.35,21.3,19.05,17.7,28.05,21.78,2
18.233333331299946,4.0,20.3,15.0,23.05,18.95,25.2,21.2,19.05,17.7,27.9,21.78,2
18.266666661947966,4.0,20.2,14.9,22.95,18.85,25.1,21.1,19.05,17.7,28.05,21.78,2
18.299999992595986,4.0,20.05,14.8,22.8,18.75,25.0,21.0,19.05,17.7,28.05,21.75,2
18.333333333721384,4.0,19.95,14.7,22.7,18.65,24.9,20.95,19.05,17.7,28.2,21.78,2
18.366666664369404,4.0,19.85,14.65,22.6,18.55,24.75,20.85,19.05,17.7,28.05,21.75,2
18.399999995017424,3.8,19.7,14.55,22.5,18.5,24.65,20.75,19.05,17.7,28.05,21.78,2
18.433333325665444,3.8,19.6,14.45,22.35,18.4,24.55,20.65,19.05,17.7,27.9,21.78,2
18.466666666790843,3.8,19.5,14.35,22.25,18.3,24.4,20.6,19.05,17.7,27.9,21.78,2
18.499999997438863,3.8,19.45,14.35,22.2,18.3,24.35,20.55,19.05,17.7,28.05,21.75,2
18.533333328086883,3.7,19.3,14.2,22.05,18.15,24.2,20.4,19.05,17.7,28.05,21.78,2
18.566666658734903,3.7,19.2,14.15,22.0,18.1,24.15,20.4,19.05,17.7,27.9,21.78,2
18.5999999998603,3.7,19.1,14.05,21.9,18.05,24.05,20.3,19.05,17.7,28.05,21.78,2
18.63333333050832,3.6,19.0,14.0,21.8,17.95,23.95,20.2,19.05,17.7,27.9,21.75,2
18.66666666115634,3.6,18.9,13.9,21.7,17.9,23.85,20.15,19.05,17.7,27.9,21.75,2
18.69999999180436,3.6,18.8,13.8,21.6,17.8,23.75,20.05,19.05,17.7,28.05,21.75,2
18.73333333292976,3.6,18.7,13.75,21.5,17.75,23.6,19.95,19.05,17.7,28.05,21.78,2
18.76666666357778,3.5,18.6,13.65,21.4,17.65,23.5,19.9,19.05,17.7,27.9,21.75,2
18.7999999942258,3.5,18.5,13.6,21.3,17.6,23.4,19.8,19.05,17.7,27.9,21.78,2
18.83333332487382,3.5,18.4,13.5,21.2,17.5,23.3,19.75,19.05,17.7,27.9,21.78,2
18.86666666599922,3.5,18.3,13.45,21.1,17.45,23.2,19.65,19.05,17.7,28.05,21.78,2
18.89999999664724,3.5,18.2,13.35,21.0,17.35,23.1,19.6,19.05,17.7,28.05,21.78,2
18.93333332729526,3.5,18.05,13.3,20.9,17.3,23.05,19.5,19.1,17.7,27.9,21.75,2
18.96666665794328,3.5,18.0,13.2,20.8,17.2,22.95,19.45,19.1,17.7,27.9,21.78,2
18.999999999068677,3.5,17.9,13.15,20.7,17.15,22.85,19.35,19.1,17.7,27.9,21.78,2
19.033333329716697,3.5,17.8,13.05,20.6,17.1,22.75,19.3,19.05,17.7,28.2,21.78,2
19.066666660364717,3.3,17.7,13.0,20.5,17.0,22.65,19.2,19.1,17.7,28.05,21.75,2
19.099999991012737,3.3,17.6,12.9,20.4,16.95,22.55,19.15,19.1,17.7,27.9,21.75,2
19.133333332138136,3.3,17.5,12.85,20.3,16.9,22.45,19.05,19.05,17.7,28.2,21.78,2
19.166666662786156,3.3,17.4,12.75,20.25,16.8,22.35,19.0,19.05,17.7,28.05,21.78,2
19.199999993434176,3.3,17.3,12.7,20.15,16.75,22.25,18.95,19.1,17.7,28.05,21.78,2
19.233333324082196,3.3,17.25,12.65,20.05,16.7,22.15,18.85,19.1,17.7,28.05,21.78,2
19.266666665207595,3.2,17.15,12.55,19.95,16.6,22.05,18.8,19.1,17.7,28.05,21.78,2
19.299999995855615,3.2,17.05,12.5,19.85,16.55,22.0,18.7,19.1,17.7,28.2,21.75,2
19.333333326503634,3.2,16.95,12.4,19.8,16.5,21.9,18.65,19.1,17.75,28.35,21.75,2
19.366666657151654,3.2,16.85,12.35,19.7,16.4,21.8,18.6,19.1,17.7,27.9,21.75,2
19.399999998277053,3.2,16.8,12.3,19.6,16.35,21.7,18.55,19.1,17.75,28.05,21.75,2
19.433333328925073,3.1,16.7,12.2,19.5,16.3,21.6,18.45,19.1,17.75,28.05,21.75,2
19.466666659573093,3.1,16.6,12.15,19.45,16.25,21.55,18.4,19.1,17.75,27.9,21.78,2
19.499999990221113,3.1,16.5,12.1,19.35,16.15,21.45,18.35,19.1,17.75,27.9,21.78,2
19.533333331346512,3.1,16.45,12.05,19.25,16.1,21.35,18.3,19.1,17.75,28.05,21.78,2
19.56666666199453,3.1,16.35,11.95,19.2,16.05,21.3,18.2,19.1,17.75,27.9,21.75,2
19.59999999264255,3.1,16.25,11.9,19.1,16.0,21.2,18.15,19.1,17.75,27.9,21.75,2
19.63333332329057,3.0,16.15,11.85,19.0,15.95,21.1,18.1,19.1,17.75,27.9,21.75,2
19.66666666441597,3.0,16.1,11.8,18.95,15.9,21.05,18.05,19.15,17.75,27.9,21.78,2
19.69999999506399,3.0,16.0,11.7,18.85,15.8,20.95,18.0,19.1,17.75,28.05,21.75,2
19.73333332571201,3.0,15.9,11.65,18.75,15.75,20.85,17.9,19.1,17.75,27.9,21.75,2
19.76666666683741,3.0,15.85,11.6,18.7,15.7,20.8,17.85,19.15,17.75,28.05,21.78,2
19.79999999748543,3.0,15.75,11.55,18.6,15.65,20.7,17.8,19.15,17.75,28.05,21.75,2
19.83333332813345,3.0,15.65,11.5,18.5,15.6,20.6,17.75,19.15,17.75,28.05,21.78,2
19.86666665878147,3.0,15.6,11.45,18.45,15.55,20.55,17.7,19.15,17.75,28.05,21.75,2
19.899999999906868,3.0,15.5,11.35,18.35,15.5,20.45,17.65,19.15,17.75,28.35,21.75,2
19.933333330554888,3.0,15.45,11.3,18.3,15.45,20.4,17.6,19.15,17.75,28.05,21.75,2
19.966666661202908,3.0,15.35,11.25,18.2,15.4,20.3,17.55,19.15,17.75,27.9,21.78,2
19.999999991850927,3.0,15.25,11.2,18.15,15.35,20.2,17.5,19.15,17.75,28.2,21.75,2
20.033333332976326,2.8,15.2,11.15,18.05,15.25,20.15,17.45,19.15,17.75,27.9,21.78,2
20.066666663624346,2.8,15.1,11.1,18.0,15.2,20.05,17.35,19.15,17.75,27.9,21.78,2
20.099999994272366,2.8,15.05,11.05,17.9,15.15,20.0,17.3,19.15,17.75,27.9,21.78,2
20.133333324920386,2.8,14.95,10.95,17.85,15.1,19.9,17.25,19.15,17.75,27.9,21.75,2
20.166666666045785,2.8,14.9,10.9,17.75,15.05,19.85,17.2,19.15,17.75,28.05,21.78,2
20.199999996693805,2.8,14.8,10.85,17.7,15.0,19.75,17.15,19.15,17.75,28.05,21.75,2
20.233333327341825,2.7,14.75,10.8,17.6,14.95,19.7,17.1,19.15,17.75,28.2,21.78,2
20.266666657989845,2.7,14.65,10.75,17.55,14.9,19.6,17.05,19.15,17.75,28.2,21.78,2
20.299999999115244,2.7,14.55,10.7,17.5,14.85,19.55,17.0,19.15,17.75,28.05,21.78,2
20.333333329763263,2.7,14.5,10.65,17.4,14.85,19.45,17.0,19.15,17.75,28.05,21.78,2
20.366666660411283,2.7,14.45,10.6,17.35,14.75,19.4,16.95,19.15,17.75,27.9,21.75,2
20.399999991059303,2.7,14.35,10.55,17.25,14.75,19.3,16.9,19.15,17.75,28.05,21.78,2
20.433333332184702,2.7,14.3,10.5,17.2,14.7,19.25,16.85,19.15,17.75,27.9,21.78,2
20.466666662832722,2.6,14.2,10.45,17.15,14.65,19.15,16.8,19.15,17.75,28.2,21.75,2
20.499999993480742,2.6,14.15,10.4,17.05,14.6,19.1,16.75,19.15,17.75,27.9,21.75,2
20.533333324128762,2.6,14.05,10.35,17.0,14.55,19.05,16.7,19.15,17.7,27.9,21.78,2
20.56666666525416,2.6,14.0,10.3,16.95,14.5,18.95,16.65,19.15,17.75,28.2,21.78,2
20.59999999590218,2.6,13.95,10.25,16.85,14.45,18.9,16.6,19.15,17.7,27.9,21.75,2
20.6333333265502,2.6,13.85,10.2,16.8,14.4,18.8,16.55,19.15,17.75,27.9,21.78,2
20.66666665719822,2.6,13.8,10.15,16.7,14.35,18.75,16.5,19.15,17.7,28.5,21.78,2
20.69999999832362,2.6,13.7,10.1,16.65,14.3,18.7,16.45,19.15,17.7,27.9,21.75,2
20.73333332897164,2.5,13.65,10.05,16.6,14.25,18.6,16.4,19.15,17.7,27.9,21.75,2
20.76666665961966,2.5,13.6,10.05,16.5,14.25,18.55,16.35,19.15,17.7,28.05,21.78,2
20.79999999026768,2.5,13.5,10.0,16.45,14.2,18.5,16.3,19.15,17.7,28.05,21.78,2
20.833333331393078,2.5,13.45,9.95,16.4,14.15,18.4,16.3,19.15,17.8,28.05,21.75,2
20.866666662041098,2.5,13.35,9.9,16.35,14.1,18.35,16.25,19.15,17.8,28.05,21.78,2
20.899999992689118,2.5,13.3,9.85,16.25,14.05,18.3,16.2,19.15,17.8,28.05,21.75,2
20.933333323337138,2.5,13.25,9.8,16.2,14.0,18.2,16.15,19.15,17.8,28.05,21.75,2
20.966666664462537,2.5,13.25,9.8,16.2,14.05,18.2,16.2,19.15,17.8,27.9,21.78,2
20.999999995110556,2.5,13.2,9.8,16.15,14.0,18.15,16.15,19.15,17.8,28.05,21.78,2
21.033333325758576,2.5,13.1,9.75,16.1,13.95,18.1,16.1,19.15,17.8,28.2,21.78,2
21.066666666883975,2.5,13.05,9.7,16.0,13.95,18.05,16.05,19.15,17.8,27.9,21.78,2
21.099999997531995,2.5,13.0,9.65,15.95,13.9,17.95,16.0,19.15,17.8,28.05,21.75,2
21.133333328180015,2.5,12.9,9.6,15.9,13.85,17.9,15.95,19.15,17.8,28.05,21.78,2
21.166666658828035,2.5,12.85,9.55,15.85,13.8,17.85,15.95,19.15,17.8,28.05,21.75,2
21.199999999953434,2.5,12.8,9.5,15.75,13.75,17.8,15.9,19.15,17.8,28.05,21.78,2
21.233333330601454,2.5,12.75,9.5,15.7,13.7,17.7,15.85,19.15,17.8,28.05,21.78,2
21.266666661249474,2.5,12.65,9.45,15.65,13.7,17.65,15.8,19.15,17.8,27.9,21.78,2
21.299999991897494,2.5,12.6,9.4,15.6,13.65,17.6,15.75,19.15,17.8,27.9,21.78,2
21.333333333022892,2.3,12.55,9.35,15.55,13.6,17.55,15.75,19.15,17.8,28.05,21.75,2
21.366666663670912,2.3,12.5,9.3,15.45,13.6,17.5,15.7,19.15,17.8,27.9,21.78,2
21.399999994318932,2.3,12.4,9.25,15.4,13.55,17.4,15.65,19.15,17.8,27.9,21.75,2
21.433333324966952,2.3,12.35,9.25,15.35,13.5,17.35,15.6,19.15,17.8,27.9,21.75,2
21.46666666609235,2.3,12.3,9.2,15.3,13.45,17.3,15.6,19.15,17.8,28.05,21.78,2
21.49999999674037,2.3,12.25,9.15,15.25,13.45,17.25,15.55,19.15,17.8,28.05,21.78,2
21.53333332738839,2.3,12.2,9.1,15.2,13.4,17.2,15.5,19.15,17.8,28.2,21.78,2
21.56666665803641,2.3,12.1,9.1,15.1,13.35,17.15,15.45,19.15,17.8,28.05,21.75,2
21.59999999916181,2.3,12.05,9.05,15.05,13.3,17.1,15.45,19.15,17.8,28.05,21.78,2
21.63333332980983,2.3,12.0,9.0,15.0,13.3,17.0,15.4,19.15,17.8,28.05,21.75,2
21.66666666045785,2.2,11.95,8.95,14.95,13.25,16.95,15.35,19.15,17.8,28.2,21.78,2
21.69999999110587,2.2,11.9,8.9,14.9,13.2,16.9,15.35,19.15,17.8,28.2,21.78,2
21.73333333223127,2.2,11.85,8.9,14.85,13.2,16.85,15.3,19.15,17.8,27.9,21.75,2
21.766666662879288,2.2,11.75,8.85,14.8,13.15,16.8,15.25,19.15,17.75,28.2,21.75,2
21.799999993527308,2.2,11.7,8.8,14.75,13.1,16.75,15.2,19.15,17.8,27.9,21.78,2
21.833333324175328,2.2,11.65,8.8,14.7,13.1,16.7,15.2,19.15,17.75,28.05,21.75,2
21.866666665300727,2.2,11.6,8.75,14.6,13.05,16.65,15.15,19.15,17.8,27.9,21.78,2
21.899999995948747,2.2,11.55,8.7,14.55,13.0,16.55,15.1,19.15,17.8,28.05,21.78,2
21.933333326596767,2.2,11.5,8.65,14.5,13.0,16.5,15.1,19.15,17.75,28.2,21.75,2
21.966666657244787,2.2,11.4,8.65,14.45,12.95,16.45,15.05,19.15,17.75,27.9,21.75,2
21.999999998370185,2.2,11.35,8.6,14.4,12.9,16.4,15.0,19.15,17.75,28.05,21.75,2
22.033333329018205,2.1,11.3,8.55,14.35,12.9,16.35,15.0,19.2,17.75,28.05,21.75,2
22.066666659666225,2.1,11.25,8.5,14.3,12.85,16.3,14.95,19.2,17.75,28.05,21.78,2
22.099999990314245,2.1,11.2,8.5,14.25,12.8,16.25,14.9,19.2,17.75,28.05,21.78,2
22.133333331439644,2.1,11.15,8.45,14.2,12.8,16.2,14.9,19.2,17.75,28.05,21.78,2
22.166666662087664,2.1,11.1,8.4,14.15,12.75,16.15,14.85,19.2,17.75,28.05,21.78,2
22.199999992735684,2.1,11.05,8.4,14.1,12.7,16.1,14.85,19.15,17.75,27.9,21.78,2
22.233333323383704,2.1,11.0,8.35,14.05,12.7,16.05,14.8,19.2,17.75,28.05,21.78,2
22.266666664509103,2.1,10.95,8.3,14.0,12.65,16.0,14.75,19.2,17.75,27.9,21.78,2
22.299999995157123,2.1,10.9,8.3,13.95,12.65,15.95,14.75,19.2,17.75,28.2,21.75,2
22.333333325805143,2.1,10.8,8.25,13.9,12.6,15.9,14.7,19.2,17.75,27.9,21.75,2
22.36666666693054,2.1,10.75,8.2,13.85,12.55,15.85,14.65,19.2,17.8,27.9,21.75,2
22.39999999757856,2.1,10.7,8.2,13.8,12.55,15.8,14.65,19.2,17.75,27.9,21.78,2
22.43333332822658,2.1,10.65,8.15,13.75,12.5,15.75,14.6,19.2,17.75,28.05,21.78,2
22.4666666588746,2.1,10.6,8.1,13.7,12.5,15.7,14.6,19.2,17.8,28.05,21.78,2
22.5,2.1,10.55,8.1,13.65,12.45,15.65,14.55,19.2,17.8,28.05,21.75,2
22.53333333064802,2.1,10.5,8.05,13.6,12.4,15.6,14.5,19.2,17.8,28.2,21.75,2
22.56666666129604,2.0,10.45,8.0,13.55,12.4,15.55,14.5,19.2,17.8,28.05,21.78,2
22.59999999194406,2.0,10.4,8.0,13.5,12.35,15.5,14.45,19.2,17.8,28.05,21.75,2
22.63333333306946,2.0,10.35,7.95,13.45,12.35,15.45,14.45,19.2,17.8,27.9,21.75,2
22.66666666371748,2.0,10.3,7.95,13.4,12.3,15.4,14.4,19.2,17.8,28.05,21.78,2
22.6999999943655,2.0,10.25,7.9,13.35,12.3,15.35,14.35,19.2,17.8,28.05,21.78,2
22.73333332501352,2.0,10.2,7.85,13.3,12.25,15.3,14.35,19.2,17.8,28.2,21.75,2
22.766666666138917,2.0,10.15,7.85,13.25,12.2,15.25,14.3,19.2,17.8,28.2,21.78,2
22.799999996786937,2.0,10.1,7.8,13.2,12.2,15.2,14.3,19.2,17.8,27.9,21.78,2
22.833333327434957,2.0,10.05,7.75,13.15,12.15,15.15,14.25,19.2,17.8,27.9,21.75,2
22.866666658082977,2.0,10.0,7.75,13.1,12.15,15.1,14.25,19.2,17.8,28.05,21.75,2
22.899999999208376,2.0,9.95,7.7,13.05,12.1,15.05,14.2,19.2,17.8,27.9,21.75,2
22.933333329856396,2.0,9.9,7.7,13.05,12.1,15.0,14.15,19.2,17.8,28.05,21.75,2
22.966666660504416,2.0,9.85,7.65,13.0,12.05,14.95,14.15,19.2,17.8,28.2,21.75,2
22.999999991152436,2.0,9.8,7.6,12.95,12.05,14.9,14.1,19.2,17.8,28.05,21.78,2
23.033333332277834,2.0,9.75,7.6,12.9,12.0,14.85,14.1,19.2,17.8,28.2,21.75,2
23.066666662925854,2.0,9.7,7.55,12.85,11.95,14.8,14.05,19.2,17.8,27.9,21.78,2
23.099999993573874,2.0,9.7,7.55,12.8,11.95,14.75,14.05,19.2,17.8,28.05,21.78,2
23.133333324221894,2.0,9.65,7.5,12.75,11.9,14.75,14.0,19.2,17.8,27.9,21.78,2
23.166666665347293,2.0,9.6,7.5,12.7,11.9,14.7,14.0,19.2,17.8,27.9,21.78,2
23.199999995995313,2.0,9.55,7.45,12.65,11.85,14.65,13.95,19.2,17.8,28.05,21.75,2
23.233333326643333,2.0,9.55,7.5,12.7,11.9,14.65,14.0,19.2,17.8,28.05,21.75,2
23.266666657291353,2.0,9.45,7.4,12.6,11.8,14.55,13.9,19.2,17.8,27.9,21.78,2
23.29999999841675,2.0,9.4,7.35,12.55,11.8,14.5,13.9,19.2,17.8,27.9,21.75,2
23.33333332906477,2.0,9.35,7.35,12.5,11.75,14.45,13.85,19.25,17.8,28.05,21.78,2
23.36666665971279,2.0,9.3,7.3,12.45,11.75,14.4,13.85,19.25,17.8,28.2,21.75,2
23.39999999036081,2.0,9.3,7.35,12.45,11.75,14.45,13.85,19.25,17.8,27.9,21.78,2
23.43333333148621,2.0,9.25,7.3,12.4,11.75,14.4,13.85,19.2,17.8,28.05,21.78,2
23.46666666213423,2.0,9.25,7.3,12.4,11.75,14.35,13.8,19.25,17.8,27.9,21.75,2
23.49999999278225,2.0,9.2,7.25,12.35,11.7,14.3,13.8,19.25,17.8,28.05,21.78,2
23.53333332343027,1.8,9.15,7.25,12.3,11.65,14.25,13.75,19.25,17.8,28.2,21.78,2
23.56666666455567,1.8,9.1,7.2,12.25,11.65,14.2,13.75,19.25,17.8,28.05,21.78,2
23.59999999520369,1.8,9.05,7.2,12.2,11.65,14.2,13.7,19.25,17.8,27.9,21.78,2
23.63333332585171,1.8,9.0,7.15,12.15,11.6,14.15,13.7,19.25,17.8,27.9,21.78,2
23.666666666977108,1.8,8.95,7.1,12.15,11.6,14.1,13.65,19.25,17.8,27.9,21.78,2
23.699999997625127,1.8,8.9,7.1,12.1,11.55,14.05,13.65,19.25,17.8,28.2,21.75,2
23.733333328273147,1.8,8.85,7.05,12.05,11.55,14.0,13.6,19.25,17.8,28.2,21.78,2
23.766666658921167,1.8,8.85,7.05,12.0,11.5,13.95,13.6,19.25,17.8,28.05,21.78,2
23.800000000046566,1.8,8.8,7.0,11.95,11.5,13.95,13.55,19.25,17.8,28.2,21.78,2
23.833333330694586,1.8,8.75,7.0,11.95,11.45,13.9,13.55,19.25,17.8,27.9,21.75,2
23.866666661342606,1.8,8.7,6.95,11.9,11.45,13.85,13.5,19.25,17.8,27.9,21.78,2
23.899999991990626,1.8,8.65,6.95,11.85,11.4,13.8,13.5,19.25,17.8,28.05,21.78,2
23.933333333116025,1.8,8.6,6.9,11.8,11.4,13.75,13.5,19.25,17.85,28.05,21.78,2
23.966666663764045,1.8,8.55,6.9,11.75,11.35,13.7,13.45,19.25,17.85,27.9,21.78,2
23.999999994412065,1.8,8.55,6.85,11.7,11.35,13.7,13.45,19.3,17.8,27.9,21.78,2
24.033333325060084,1.8,8.5,6.85,11.7,11.35,13.65,13.4,19.3,17.85,27.9,21.78,2
24.066666666185483,1.8,8.45,6.8,11.65,11.3,13.6,13.4,19.25,17.85,28.05,21.78,2
24.099999996833503,1.7,8.4,6.8,11.6,11.3,13.55,13.35,19.25,17.85,27.9,21.78,2
24.133333327481523,1.7,8.35,6.75,11.55,11.25,13.55,13.35,19.3,17.85,28.05,21.78,2
24.166666658129543,1.7,8.3,6.75,11.55,11.25,13.5,13.3,19.3,17.85,28.05,21.75,2
24.199999999254942,1.7,8.3,6.7,11.5,11.2,13.45,13.3,19.25,17.85,27.9,21.78,2
24.233333329902962,1.7,8.25,6.7,11.45,11.2,13.4,13.25,19.3,17.85,28.05,21.78,2
24.26666666055098,1.7,8.2,6.65,11.4,11.15,13.35,13.25,19.3,17.85,28.05,21.75,2
24.299999991199,1.7,8.15,6.65,11.4,11.15,13.35,13.25,19.3,17.85,28.05,21.78,2
24.3333333323244,1.7,8.1,6.6,11.35,11.15,13.3,13.2,19.3,17.85,28.05,21.75,2
24.36666666297242,1.7,8.1,6.6,11.3,11.1,13.25,13.2,19.3,17.85,28.05,21.78,2
24.39999999362044,1.7,8.05,6.55,11.25,11.1,13.2,13.15,19.3,17.85,28.05,21.78,2
24.43333332426846,1.7,8.0,6.55,11.25,11.05,13.2,13.15,19.3,17.85,28.05,21.78,2
24.46666666539386,1.7,7.95,6.5,11.2,11.05,13.15,13.1,19.3,17.85,28.05,21.75,2
24.49999999604188,1.7,7.9,6.5,11.15,11.0,13.1,13.1,19.3,17.85,28.05,21.78,2
24.5333333266899,1.7,7.9,6.45,11.1,11.0,13.05,13.1,19.3,17.85,28.05,21.78,2
24.56666665733792,1.7,7.85,6.45,11.1,11.0,13.05,13.05,19.3,17.85,28.05,21.75,2
24.599999998463318,1.7,7.8,6.4,11.05,10.95,13.0,13.05,19.3,17.85,28.05,21.78,2
24.633333329111338,1.7,7.75,6.4,11.0,10.95,12.95,13.0,19.3,17.85,28.05,21.75,2
24.666666659759358,1.7,7.7,6.35,10.95,10.9,12.9,13.0,19.3,17.85,27.9,21.75,2
24.699999990407377,1.7,7.7,6.35,10.95,10.9,12.9,12.95,19.3,17.85,28.05,21.78,2
24.733333331532776,1.7,7.65,6.3,10.9,10.9,12.85,12.95,19.3,17.85,27.9,21.78,2
24.766666662180796,1.7,7.6,6.3,10.85,10.85,12.8,12.95,19.3,17.85,28.05,21.78,2
24.799999992828816,1.7,7.55,6.25,10.85,10.85,12.8,12.9,19.3,17.85,28.2,21.78,2
24.833333323476836,1.7,7.55,6.25,10.8,10.8,12.75,12.9,19.3,17.85,28.05,21.78,2
24.866666664602235,1.7,7.5,6.25,10.75,10.8,12.7,12.85,19.3,17.85,28.05,21.78,2
24.899999995250255,1.7,7.45,6.2,10.7,10.8,12.65,12.85,19.3,17.85,27.9,21.78,2
